USE [fashionDatabase]
GO

INSERT INTO PHONGBAN VALUES ('PNV',N'Phòng Nhân Viên')
INSERT INTO PHONGBAN VALUES ('PQT',N'Phòng Quản Trị')
INSERT INTO PHONGBAN VALUES ('PQL',N'Phòng Quản Lý')


INSERT INTO CHUCVU VALUES ('QLCH',N'Quản Lý Cửa Hàng')
INSERT INTO CHUCVU VALUES ('NVBH',N'Nhân Viên Bán Hàng')
INSERT INTO CHUCVU VALUES ('QTV',N'Quản Trị Viên')


INSERT INTO NHANVIEN VALUES ('NV00000001',N'Trần Lê Duy','0904689418','qlch@gmail.com','2002/01/01','M',N'828 Sư Vạn Hạnh','avatar-00.jpg','qlch','123',1,'QLCH','PQL')
INSERT INTO NHANVIEN VALUES ('NV00000002',N'Nguyễn Đinh Trang Kiều','09091234567','qlch1@gmail.com','2002/01/01','M',N'828 Sư Vạn Hạnh','avatar-00.jpg','qlch1','123',1,'QLCH','PQL')
INSERT INTO NHANVIEN VALUES ('NV00000003',N'Nguyễn Hoàng Kha','09091234567','admin1@gmail.com','2002/01/01','M',N'828 Sư Vạn Hạnh','avatar-00.jpg','admin1','admin1',1,'QTV','PQT')
INSERT INTO NHANVIEN VALUES ('NV00000004',N'Huỳnh Tấn Hiệp','09091234567','admin2@gmail.com','2002/01/01','M',N'828 Sư Vạn Hạnh','avatar-00.jpg','admin2','admin2',1,'QTV','PQT')
INSERT INTO NHANVIEN VALUES ('NV00000005',N'Phan Tấn Trung','09091234567','tantrung@gmail.com','2002/01/01','M',N'828 Sư Vạn Hạnh','avatar-00.jpg','banhang1','banhang1',1,'NVBH','PNV')
INSERT INTO NHANVIEN VALUES ('NV00000006',N'Nguyễn Văn Thanh','09091234567','thanhvan@gmail.com','2002/01/01','M',N'828 Sư Vạn Hạnh','avatar-00.jpg','banhang2','banhang2',1,'NVBH','PNV')
INSERT INTO NHANVIEN VALUES ('NV00000007',N'Phan Thành Trung','09091234567','trungphan@gmail.com','2002/01/01','M',N'828 Sư Vạn Hạnh','avatar-00.jpg','banhang3','banhang3',0,'NVBH','PNV')


INSERT INTO KHACHHANG (MaKH,HoTen,SDT,Email,NgaySinh,GioiTinh,DiaChi) VALUES ('KH00000001',N'Phan Thành Trung','2277468919','trungphan@gmail.com','2003/06/05','M',N'10 Lê Lợi, Bến Nghé, Quận 1');
INSERT INTO KHACHHANG (MaKH,HoTen,SDT,Email,NgaySinh,GioiTinh,DiaChi) VALUES ('KH00000002',N'Trần Văn Minh','7163784028','vanminh@gmail.com','2003/08/23','M',N'23 Lý Tự Trọng, Bến Thành, Quận 1');
INSERT INTO KHACHHANG (MaKH,HoTen,SDT,Email,NgaySinh,GioiTinh,DiaChi) VALUES ('KH00000003',N'Lê Thị Hồng','9534820827','lehong@gmail.com','2001/07/18','F',N'67 Nguyễn Huệ, Bến Nghé, Quận 1');
INSERT INTO KHACHHANG (MaKH,HoTen,SDT,Email,NgaySinh,GioiTinh,DiaChi) VALUES ('KH00000004',N'Mai Hoàng Hưng','5447867761','maihung@gmail.com','2003/12/25','M',N'50 Đồng Khởi, Quận 1');
INSERT INTO KHACHHANG (MaKH,HoTen,SDT,Email,NgaySinh,GioiTinh,DiaChi) VALUES ('KH00000005',N'Đặng Minh Phú','9258525664','minhphu@gmail.com','2000/10/03','M',N'118 Hàm Nghi, Nguyễn Thái Bình, Quận 1');
INSERT INTO KHACHHANG (MaKH,HoTen,SDT,Email,NgaySinh,GioiTinh,DiaChi) VALUES ('KH00000006',N'Nguyễn Thị Mỹ Dung','1687430983','mydung@gmail.com','2002/08/20','F',N'82 Lê Duẩn, Bến Nghé Quận 1');
INSERT INTO KHACHHANG (MaKH,HoTen,SDT,Email,NgaySinh,GioiTinh,DiaChi) VALUES ('KH00000007',N'Nguyễn Thị Quế Ngọc','6327890404','quengoc@gmail.com','2000/06/26','F',N'15 Nguyễn Thị Minh Khai, Đa Kao, Quận 1');
INSERT INTO KHACHHANG (MaKH,HoTen,SDT,Email,NgaySinh,GioiTinh,DiaChi) VALUES ('KH00000008',N'Võ Minh Thuận','8464747938','minhthuan@gmail.com','2004/04/06','M',N'81 Điện Biên Phủ, Quận Bình Thạnh');
INSERT INTO KHACHHANG (MaKH,HoTen,SDT,Email,NgaySinh,GioiTinh,DiaChi) VALUES ('KH00000009',N'Nguyễn Văn Tiền','2033380792','vantien@gmail.com','2004/08/18','M',N'22 Xô Viết Nghệ Tĩnh, Quận Bình Thạnh');
INSERT INTO KHACHHANG (MaKH,HoTen,SDT,Email,NgaySinh,GioiTinh,DiaChi) VALUES ('KH00000010',N'Nguyễn Thái Hồng Phúc','5199539268','thaiphuc@gmail.com','2004/11/17','M',N'24 Nguyễn Gia Trí, Quận Bình Thạnh');
INSERT INTO KHACHHANG (MaKH,HoTen,SDT,Email,NgaySinh,GioiTinh,DiaChi) VALUES ('KH00000011',N'Đỗ Thị Lan Anh','7354202521','dolananh@gmail.com','2001/08/18','F',N'11 Tôn Đản, Quận 4');
INSERT INTO KHACHHANG (MaKH,HoTen,SDT,Email,NgaySinh,GioiTinh,DiaChi) VALUES ('KH00000031',N'Phan Thị Bích Tuyền','7158289773','phantuyen@gmail.com','2001/06/25','F',N'89 Khánh Hội, Quận 4');
INSERT INTO KHACHHANG (MaKH,HoTen,SDT,Email,NgaySinh,GioiTinh,DiaChi) VALUES ('KH00000012',N'Lê Khánh Duy','6718388838','lekhanhduy@gmail.com','2003/07/31','M',N'99 Phạm Thế Hiển, Quận 8');
INSERT INTO KHACHHANG (MaKH,HoTen,SDT,Email,NgaySinh,GioiTinh,DiaChi) VALUES ('KH00000013',N'Lê Trần Mai Anh','1809151349','maianh@gmail.com','2002/05/29','F',N'123 Nguyễn Duy Trinh, Thành Phố Thủ Đức');
INSERT INTO KHACHHANG (MaKH,HoTen,SDT,Email,NgaySinh,GioiTinh,DiaChi) VALUES ('KH00000014',N'Phạm Thị Huệ Trinh','3005758892','huetrinh@gmail.com','2003/05/31','F',N'132 Nguyễn Văn Hưởng, Thảo Điền, Thành Phố Thủ Đức');
INSERT INTO KHACHHANG (MaKH,HoTen,SDT,Email,NgaySinh,GioiTinh,DiaChi) VALUES ('KH00000015',N'Võ Ngọc Hân','8381621345','hanvo@gmail.com','2000/12/25','F',N'59 Nguyễn Hữu Cầu, Trung Chánh, Hóc Môn');
INSERT INTO KHACHHANG (MaKH,HoTen,SDT,Email,NgaySinh,GioiTinh,DiaChi) VALUES ('KH00000016',N'Đỗ Thị Á Tiên','7612452468','doatien@gmail.com','2001/11/03','F',N'88 Nguyễn Trãi, Quận 1');
INSERT INTO KHACHHANG (MaKH,HoTen,SDT,Email,NgaySinh,GioiTinh,DiaChi) VALUES ('KH00000017',N'Phan Ngọc Hân','6109449360','phanhan@gmail.com','2002/01/27','F',N'456 Nguyễn Ảnh Thủ, Hóc Môn');
INSERT INTO KHACHHANG (MaKH,HoTen,SDT,Email,NgaySinh,GioiTinh,DiaChi) VALUES ('KH00000018',N'Võ Minh Tuấn','3338194771','vominhtuan@gmail.com','2002/10/17','M',N'782 Song Hành,Thành Phố Thủ Đức');
INSERT INTO KHACHHANG (MaKH,HoTen,SDT,Email,NgaySinh,GioiTinh,DiaChi) VALUES ('KH00000019',N'Lương Thái Tuấn','5438657201','luongthaidui@gmail.com','2004/12/05','M',N'125 Nguyễn Hữu Cảnh, Quận 1');
INSERT INTO KHACHHANG (MaKH,HoTen,SDT,Email,NgaySinh,GioiTinh,DiaChi) VALUES ('KH00000020',N'Đỗ Thị Ngọc Tuyền','9148598088','ngoctuyen@gmail.com','2001/03/28','F',N'398 Nguyễn Duy Trinh,Thành Phố Thủ Đức');
INSERT INTO KHACHHANG (MaKH,HoTen,SDT,Email,NgaySinh,GioiTinh,DiaChi) VALUES ('KH00000021',N'Lê Thị Ánh Hồng','6231402665','anhhong@gmail.com','2003/09/19','F',N'172 Cách Mạng Tháng 8, Quận 3');
INSERT INTO KHACHHANG (MaKH,HoTen,SDT,Email,NgaySinh,GioiTinh,DiaChi) VALUES ('KH00000022',N'Phan Anh Vũ','9038355658','pav@gmail.com','2005/01/25','M',N'87 Trường Chinh');
INSERT INTO KHACHHANG (MaKH,HoTen,SDT,Email,NgaySinh,GioiTinh,DiaChi) VALUES ('KH00000023',N'Nguyễn Anh Dũng','1266243680','nad@gmail.com','2000/09/22','M',N'178 Đường 3 tháng 2, Quận 10');
INSERT INTO KHACHHANG (MaKH,HoTen,SDT,Email,NgaySinh,GioiTinh,DiaChi) VALUES ('KH00000024',N'Trần Anh Huy','3411592385','trananhhuy@gmail.com','2003/04/07','M',N'678 Đường 3 tháng 2, Quận 11');
INSERT INTO KHACHHANG (MaKH,HoTen,SDT,Email,NgaySinh,GioiTinh,DiaChi) VALUES ('KH00000025',N'Nguyễn Trương Mỹ Hân','5286413387','truongmyhan@gmail.com','2001/07/10','F',N'187 Lý Thường Kiệt');
INSERT INTO KHACHHANG (MaKH,HoTen,SDT,Email,NgaySinh,GioiTinh,DiaChi) VALUES ('KH00000026',N'Âu Thị Hồng Phúc','7247045719','auphuc@gmail.com','2003/04/22','F',N'14 Cộng Hòa');
INSERT INTO KHACHHANG (MaKH,HoTen,SDT,Email,NgaySinh,GioiTinh,DiaChi) VALUES ('KH00000027',N'Phan Vĩnh Phúc','3738698879','vinhphuc@gmail.com','2002/10/07','M',N'93 Hậu Giang, Quận 6');
INSERT INTO KHACHHANG (MaKH,HoTen,SDT,Email,NgaySinh,GioiTinh,DiaChi) VALUES ('KH00000028',N'Lê Hoàng Khang','1857547013','khangle@gmail.com','2004/11/09','M',N'718 Kinh Dương Vương, Quận 6');
INSERT INTO KHACHHANG (MaKH,HoTen,SDT,Email,NgaySinh,GioiTinh,DiaChi) VALUES ('KH00000029',N'Tú Như','5569215614','tunhu@gmail.com','2004/07/04','F',N'383 Thống Nhất, Gò Vấp');
INSERT INTO KHACHHANG (MaKH,HoTen,SDT,Email,NgaySinh,GioiTinh,DiaChi) VALUES ('KH00000030',N'Lê Quốc Bảo','0908152508','quocbao@gmail.com','2004/11/29','M',N'15 Nguyễn Thị Thập, Quận 7');

INSERT INTO LOAISANPHAM (MaLoaiSP, TenLoaiSP) VALUES ('LSP0000001',N'Giày thể thao nam');
INSERT INTO LOAISANPHAM (MaLoaiSP, TenLoaiSP) VALUES ('LSP0000002',N'Giày thể thao nữ');
INSERT INTO LOAISANPHAM (MaLoaiSP, TenLoaiSP) VALUES ('LSP0000003',N'Giày thời trang nam');
INSERT INTO LOAISANPHAM (MaLoaiSP, TenLoaiSP) VALUES ('LSP0000004',N'Giày thời trang nữ');
INSERT INTO LOAISANPHAM (MaLoaiSP, TenLoaiSP) VALUES ('LSP0000005',N'Giày thể thao trẻ em');
INSERT INTO LOAISANPHAM (MaLoaiSP, TenLoaiSP) VALUES ('LSP0000006',N'Giày thời trang trẻ em');
INSERT INTO LOAISANPHAM (MaLoaiSP, TenLoaiSP) VALUES ('LSP0000007',N'Giày thể thao chuyên bóng rổ nam');
INSERT INTO LOAISANPHAM (MaLoaiSP, TenLoaiSP) VALUES ('LSP0000008',N'Giày thể thao chạy bộ nam');
INSERT INTO LOAISANPHAM (MaLoaiSP, TenLoaiSP) VALUES ('LSP0000009',N'Giày thể thao chuyên bóng đá nam');
INSERT INTO LOAISANPHAM (MaLoaiSP, TenLoaiSP) VALUES ('LSP0000010',N'Giày thể thao chuyên Tennis nam');

INSERT INTO NHACUNGCAP (MaNCC,TenNCC) VALUES ('NCC0000001','NIKE');
INSERT INTO NHACUNGCAP (MaNCC,TenNCC) VALUES ('NCC0000002','ADIDAS');
INSERT INTO NHACUNGCAP (MaNCC,TenNCC) VALUES ('NCC0000003','CONVERSE');
INSERT INTO NHACUNGCAP (MaNCC,TenNCC) VALUES ('NCC0000004','BITIS');
INSERT INTO NHACUNGCAP (MaNCC,TenNCC) VALUES ('NCC0000005','BALENCIAGA');
INSERT INTO NHACUNGCAP (MaNCC,TenNCC) VALUES ('NCC0000006','PUMA');
INSERT INTO NHACUNGCAP (MaNCC,TenNCC) VALUES ('NCC0000007','FILA');
INSERT INTO NHACUNGCAP (MaNCC,TenNCC) VALUES ('NCC0000008','New Balence');
INSERT INTO NHACUNGCAP (MaNCC,TenNCC) VALUES ('NCC0000009','VANS');
INSERT INTO NHACUNGCAP (MaNCC,TenNCC) VALUES ('NCC0000010','MLB');

INSERT INTO DONHANG VALUES ('DH00000001','2023/05/05','2023/05/10',1,2000000,'KH00000001','NV00000005')
INSERT INTO DONHANG VALUES ('DH00000002','2023/05/06','2023/05/10',1,2500000,'KH00000002','NV00000006')
INSERT INTO DONHANG VALUES ('DH00000003','2023/05/07','2023/05/11',1,4500000,'KH00000006','NV00000005')
INSERT INTO DONHANG VALUES ('DH00000004','2023/05/05','2023/05/10',1,5000000,'KH00000008','NV00000006')
INSERT INTO DONHANG VALUES ('DH00000005','2023/05/10','2023/05/15',0,1000000,'KH00000004','NV00000005')


INSERT INTO PHIEUNHAPHANG VALUES ('PN00000001','2023/04/20','NV00000001',1900000000,'NCC0000006')
INSERT INTO PHIEUNHAPHANG VALUES ('PN00000002','2023/04/21','NV00000002',1520000000,'NCC0000007')
INSERT INTO PHIEUNHAPHANG VALUES ('PN00000003','2023/04/24','NV00000002',1520000000,'NCC0000010')
INSERT INTO PHIEUNHAPHANG VALUES ('PN00000004','2023/04/26','NV00000001',1520000000,'NCC0000002')
INSERT INTO PHIEUNHAPHANG VALUES ('PN00000005','2023/04/27','NV00000002',1520000000,'NCC0000001')
INSERT INTO PHIEUNHAPHANG VALUES ('PN00000006','2023/04/28','NV00000001',1900000000,'NCC0000008')
INSERT INTO PHIEUNHAPHANG VALUES ('PN00000007','2023/04/30','NV00000001',1520000000,'NCC0000006')


INSERT INTO KICHCO VALUES ('KC00000001',37,'M',23.5,9)
INSERT INTO KICHCO VALUES ('KC00000002',38,'M',24,9)
INSERT INTO KICHCO VALUES ('KC00000003',39,'M',24.5,9.5)
INSERT INTO KICHCO VALUES ('KC00000004',40,'M',25,9.5)
INSERT INTO KICHCO VALUES ('KC00000005',37,'F',23.5,9)
INSERT INTO KICHCO VALUES ('KC00000006',38,'F',24,9)
INSERT INTO KICHCO VALUES ('KC00000007',39,'F',24.5,9.5)
INSERT INTO KICHCO VALUES ('KC00000008',40,'F',25,9.5)
 
INSERT INTO SANPHAM VALUES ('SP00000001', N'GIÀY THỂ THAO NAM BITIS HUNTER X MARVEL SPIDER-MAN HSM000998DEN',1500000, N'Đen', N'Da','LSP0000001', N'Nam','giay01.png',1)
INSERT INTO SANPHAM VALUES ('SP00000002', N'GIÀY THỂ THAO NAM CONVERSE RUNSTAR',3190000, N'Đen', N'Da','LSP0000001', N'Nam','giay02.png',1)
INSERT INTO SANPHAM VALUES ('SP00000003', N'GIÀY THỂ THAO NAM GIÀY D.O.N. ISSUE 4',3000000, N'Đen', N'Da','LSP0000001', N'Nam','giay03.png',1)
INSERT INTO SANPHAM VALUES ('SP00000004', N'GIÀY THỂ THAO NAM LEBRON NXXT GEN',3000000, N'Đen', N'Da','LSP0000007', N'Nam','giay04.png',1)
INSERT INTO SANPHAM VALUES ('SP00000005', N'GIÀY DURAMO SL 2.0',2900000, N'Đen', N'Da','LSP0000008', N'Nam','giay05.png',1)
INSERT INTO SANPHAM VALUES ('SP00000006', N'GIÀY CHẠY BỘ NAM ELECTRIFY NITRO 2',2000000, N'Đen', N'Da','LSP0000001', N'Nam','giay06.png',1)
INSERT INTO SANPHAM VALUES ('SP00000007', N'GIÀY THỂ THAO NỮ HUNTERX',2300000, N'Đen', N'Da','LSP0000002', N'Nam','giay07.png',1)
INSERT INTO SANPHAM VALUES ('SP00000008', N'GIÀY THỂ THAO NỮ CONVERSE RUNSTAR',2000000, N'Đen', N'Da','LSP0000002', N'Nam','giay08.png',1)
INSERT INTO SANPHAM VALUES ('SP00000009', N'GIÀY THỂ THAO NỮ GIÀY ULTRABOOST LIGHT',1000000, N'Đen', N'Da','LSP0000002', N'Nam','giay09.png',1)
INSERT INTO SANPHAM VALUES ('SP00000010', N'GIÀY THỂ THAO NỮ NIKE AIR MAX SC',1500000, N'Đen', N'Da','LSP0000002', N'Nam','giay10.png',1)
INSERT INTO SANPHAM VALUES ('SP00000011', N'GIÀY THỂ THAO TRẺ EM NIKE FLEX RUNNER 2',2100000, N'Đen', N'Da','LSP0000005', N'Nam','giay11.png',1)
INSERT INTO SANPHAM VALUES ('SP00000012', N'GIÀY THỂ THAO TRẺ EM DURAMO 10',2500000, N'Đen', N'Da','LSP0000005', N'Nam','giay12.png',1)
INSERT INTO SANPHAM VALUES ('SP00000013', N'GIÀY THỂ THAO TRẺ EM HUNTER X JUNIOR - LE PETIT ARMOR',1500000, N'Đen', N'Da','LSP0000005', N'Nam','giay13.png',1)
INSERT INTO SANPHAM VALUES ('SP00000014', N'GIÀY THỂ THAO TRẺ EM PUMA X MIRACULOUS RIDER FV ALTERNATIVE CLOSURE',1000000, N'Đen', N'Da','LSP0000005', N'Nam','giay14.png',1)
INSERT INTO SANPHAM VALUES ('SP00000015', N'GIÀY THỜI TRANG NAM CHUCK BLACK&WHITE',1500000, N'Đen', N'Da','LSP0000003', N'Nam','giay15.png',1)
INSERT INTO SANPHAM VALUES ('SP00000016', N'GIÀY THỜI TRANG NAM LUXURYSNEAKER',1500000, N'Đen', N'Da','LSP0000003', N'Nam','giay16.png',1)
INSERT INTO SANPHAM VALUES ('SP00000017', N'GIÀY THỜI TRANG NAM VANS ERA CLASSIC BLACK',2000000, N'Đen', N'Da','LSP0000003', N'Nam','giay17.png',1)
INSERT INTO SANPHAM VALUES ('SP00000018', N'GIÀY THỜI TRANG NAM NB JAMIE FOY 306',2500000, N'Đen', N'Da','LSP0000003', N'Nam','giay18.png',1)
INSERT INTO SANPHAM VALUES ('SP00000019', N'GIÀY THỜI TRANG NỮ CHUCK BLACK&WHITE',3000000, N'Đen', N'Da','LSP0000004', N'Nam','giay19.png',1)
INSERT INTO SANPHAM VALUES ('SP00000020', N'GIÀY THỜI TRANG NỮ LUXURYSNEAKER',2500000, N'Đen', N'Da','LSP0000004', N'Nam','giay20.png',1)
INSERT INTO SANPHAM VALUES ('SP00000021', N'GIÀY THỜI TRANG NỮ MLB BIGBALL CHUNKY P BOSTON RED SOX WHITE RED',1000000, N'Đen', N'Da','LSP0000004', N'Nam','giay21.png',1)
INSERT INTO SANPHAM VALUES ('SP00000022', N'GIÀY THỂ THAO CHUYÊN TENNIS',1500000, N'Đen', N'Da','LSP0000010', N'Nam','giay22.png',1)
INSERT INTO SANPHAM VALUES ('SP00000023', N'GIÀY THỂ THAO CHUYÊN TENNIS BARRICADE',1500000, N'Đen', N'Da','LSP0000010', N'Nam','giay23.png',1)
INSERT INTO SANPHAM VALUES ('SP00000024', N'GIÀY CHẠY BỘ NAM FOREVERRUN NITRO',1500000, N'Đen', N'Da','LSP0000008', N'Nam','giay24.png',1)
INSERT INTO SANPHAM VALUES ('SP00000025', N'GIÀY ĐÁ BÓNG CỔ THẤP TURF PREDATOR ACCURACY.3',1500000, N'Đen', N'Da','LSP0000008', N'Nam','giay25.png',1)
INSERT INTO SANPHAM VALUES ('SP00000026', N'GIÀY BÓNG ĐÁ COPA 20.3 FIRM GROUND',1000000, N'Đen', N'Da','LSP0000009', N'Nam','giay26.png',1)
INSERT INTO SANPHAM VALUES ('SP00000027', N'GIÀY GIÀY ĐÁ BÓNG TURF X SPEEDPORTAL.3',2000000, N'Đen', N'Da','LSP0000009', N'Nam','giay27.png',1)
INSERT INTO SANPHAM VALUES ('SP00000028', N'GIÀY ĐÁ BÓNG FIRM GROUND LOW PREDATOR EDGE.1',2500000, N'Đen', N'Da','LSP0000009', N'Nam','giay28.png',1)
INSERT INTO SANPHAM VALUES ('SP00000029', N'GIÀY ĐÁ BÓNG TURF COPA PURE.3',2500000, N'Đen', N'Da','LSP0000009', N'Nam','giay29.png',1)
INSERT INTO SANPHAM VALUES ('SP00000030', N'GIÀY BÓNG ĐÁ NEMEZIZ .3 TURF',2000000, N'Đen', N'Da','LSP0000009', N'Nam','giay30.png',1)



INSERT INTO KICHCO_SANPHAM VALUES ('SP00000001','KC00000001',50)
INSERT INTO KICHCO_SANPHAM VALUES ('SP00000001','KC00000002',50)
INSERT INTO KICHCO_SANPHAM VALUES ('SP00000001','KC00000003',50)
INSERT INTO KICHCO_SANPHAM VALUES ('SP00000001','KC00000004',50)
INSERT INTO KICHCO_SANPHAM VALUES ('SP00000001','KC00000005',50)
INSERT INTO KICHCO_SANPHAM VALUES ('SP00000001','KC00000006',50)
INSERT INTO KICHCO_SANPHAM VALUES ('SP00000001','KC00000007',50)
INSERT INTO KICHCO_SANPHAM VALUES ('SP00000001','KC00000008',50)
INSERT INTO KICHCO_SANPHAM VALUES ('SP00000002','KC00000001',50)
INSERT INTO KICHCO_SANPHAM VALUES ('SP00000002','KC00000002',50)
INSERT INTO KICHCO_SANPHAM VALUES ('SP00000002','KC00000003',50)
INSERT INTO KICHCO_SANPHAM VALUES ('SP00000002','KC00000004',50)
INSERT INTO KICHCO_SANPHAM VALUES ('SP00000002','KC00000005',50)
INSERT INTO KICHCO_SANPHAM VALUES ('SP00000002','KC00000006',50)
INSERT INTO KICHCO_SANPHAM VALUES ('SP00000002','KC00000007',50)
INSERT INTO KICHCO_SANPHAM VALUES ('SP00000002','KC00000008',50)
INSERT INTO KICHCO_SANPHAM VALUES ('SP00000003','KC00000001',50)
INSERT INTO KICHCO_SANPHAM VALUES ('SP00000003','KC00000002',50)
INSERT INTO KICHCO_SANPHAM VALUES ('SP00000003','KC00000003',50)
INSERT INTO KICHCO_SANPHAM VALUES ('SP00000003','KC00000004',50)
INSERT INTO KICHCO_SANPHAM VALUES ('SP00000003','KC00000005',50)
INSERT INTO KICHCO_SANPHAM VALUES ('SP00000003','KC00000006',50)
INSERT INTO KICHCO_SANPHAM VALUES ('SP00000003','KC00000007',50)
INSERT INTO KICHCO_SANPHAM VALUES ('SP00000003','KC00000008',50)
INSERT INTO KICHCO_SANPHAM VALUES ('SP00000004','KC00000001',50)
INSERT INTO KICHCO_SANPHAM VALUES ('SP00000004','KC00000002',50)
INSERT INTO KICHCO_SANPHAM VALUES ('SP00000004','KC00000003',50)
INSERT INTO KICHCO_SANPHAM VALUES ('SP00000004','KC00000004',50)
INSERT INTO KICHCO_SANPHAM VALUES ('SP00000004','KC00000005',50)
INSERT INTO KICHCO_SANPHAM VALUES ('SP00000004','KC00000006',50)
INSERT INTO KICHCO_SANPHAM VALUES ('SP00000004','KC00000007',50)
INSERT INTO KICHCO_SANPHAM VALUES ('SP00000004','KC00000008',50)
INSERT INTO KICHCO_SANPHAM VALUES ('SP00000005','KC00000001',50)
INSERT INTO KICHCO_SANPHAM VALUES ('SP00000005','KC00000002',50)
INSERT INTO KICHCO_SANPHAM VALUES ('SP00000005','KC00000003',50)
INSERT INTO KICHCO_SANPHAM VALUES ('SP00000005','KC00000004',50)
INSERT INTO KICHCO_SANPHAM VALUES ('SP00000005','KC00000005',50)
INSERT INTO KICHCO_SANPHAM VALUES ('SP00000005','KC00000006',50)
INSERT INTO KICHCO_SANPHAM VALUES ('SP00000005','KC00000007',50)
INSERT INTO KICHCO_SANPHAM VALUES ('SP00000005','KC00000008',50)
INSERT INTO KICHCO_SANPHAM VALUES ('SP00000006','KC00000001',50)
INSERT INTO KICHCO_SANPHAM VALUES ('SP00000006','KC00000002',50)
INSERT INTO KICHCO_SANPHAM VALUES ('SP00000006','KC00000003',50)
INSERT INTO KICHCO_SANPHAM VALUES ('SP00000006','KC00000004',50)
INSERT INTO KICHCO_SANPHAM VALUES ('SP00000006','KC00000005',50)
INSERT INTO KICHCO_SANPHAM VALUES ('SP00000006','KC00000006',50)
INSERT INTO KICHCO_SANPHAM VALUES ('SP00000006','KC00000007',50)
INSERT INTO KICHCO_SANPHAM VALUES ('SP00000006','KC00000008',50)
INSERT INTO KICHCO_SANPHAM VALUES ('SP00000007','KC00000001',50)
INSERT INTO KICHCO_SANPHAM VALUES ('SP00000007','KC00000002',50)
INSERT INTO KICHCO_SANPHAM VALUES ('SP00000007','KC00000003',50)
INSERT INTO KICHCO_SANPHAM VALUES ('SP00000007','KC00000004',50)
INSERT INTO KICHCO_SANPHAM VALUES ('SP00000007','KC00000005',50)
INSERT INTO KICHCO_SANPHAM VALUES ('SP00000007','KC00000006',50)
INSERT INTO KICHCO_SANPHAM VALUES ('SP00000007','KC00000007',50)
INSERT INTO KICHCO_SANPHAM VALUES ('SP00000007','KC00000008',50)
INSERT INTO KICHCO_SANPHAM VALUES ('SP00000008','KC00000001',50)
INSERT INTO KICHCO_SANPHAM VALUES ('SP00000008','KC00000002',50)
INSERT INTO KICHCO_SANPHAM VALUES ('SP00000008','KC00000003',50)
INSERT INTO KICHCO_SANPHAM VALUES ('SP00000008','KC00000004',50)
INSERT INTO KICHCO_SANPHAM VALUES ('SP00000008','KC00000005',50)
INSERT INTO KICHCO_SANPHAM VALUES ('SP00000008','KC00000006',50)
INSERT INTO KICHCO_SANPHAM VALUES ('SP00000008','KC00000007',50)
INSERT INTO KICHCO_SANPHAM VALUES ('SP00000008','KC00000008',50)
INSERT INTO KICHCO_SANPHAM VALUES ('SP00000009','KC00000001',50)
INSERT INTO KICHCO_SANPHAM VALUES ('SP00000009','KC00000002',50)
INSERT INTO KICHCO_SANPHAM VALUES ('SP00000009','KC00000003',50)
INSERT INTO KICHCO_SANPHAM VALUES ('SP00000009','KC00000004',50)
INSERT INTO KICHCO_SANPHAM VALUES ('SP00000009','KC00000005',50)
INSERT INTO KICHCO_SANPHAM VALUES ('SP00000009','KC00000006',50)
INSERT INTO KICHCO_SANPHAM VALUES ('SP00000009','KC00000007',50)
INSERT INTO KICHCO_SANPHAM VALUES ('SP00000009','KC00000008',50)
INSERT INTO KICHCO_SANPHAM VALUES ('SP00000010','KC00000001',50)
INSERT INTO KICHCO_SANPHAM VALUES ('SP00000010','KC00000002',50)
INSERT INTO KICHCO_SANPHAM VALUES ('SP00000010','KC00000003',50)
INSERT INTO KICHCO_SANPHAM VALUES ('SP00000010','KC00000004',50)
INSERT INTO KICHCO_SANPHAM VALUES ('SP00000010','KC00000005',50)
INSERT INTO KICHCO_SANPHAM VALUES ('SP00000010','KC00000006',50)
INSERT INTO KICHCO_SANPHAM VALUES ('SP00000010','KC00000007',50)
INSERT INTO KICHCO_SANPHAM VALUES ('SP00000010','KC00000008',50)
INSERT INTO KICHCO_SANPHAM VALUES ('SP00000011','KC00000001',50)
INSERT INTO KICHCO_SANPHAM VALUES ('SP00000011','KC00000002',50)
INSERT INTO KICHCO_SANPHAM VALUES ('SP00000011','KC00000003',50)
INSERT INTO KICHCO_SANPHAM VALUES ('SP00000011','KC00000004',50)
INSERT INTO KICHCO_SANPHAM VALUES ('SP00000011','KC00000005',50)
INSERT INTO KICHCO_SANPHAM VALUES ('SP00000011','KC00000006',50)
INSERT INTO KICHCO_SANPHAM VALUES ('SP00000011','KC00000007',50)
INSERT INTO KICHCO_SANPHAM VALUES ('SP00000011','KC00000008',50)
INSERT INTO KICHCO_SANPHAM VALUES ('SP00000012','KC00000001',50)
INSERT INTO KICHCO_SANPHAM VALUES ('SP00000012','KC00000002',50)
INSERT INTO KICHCO_SANPHAM VALUES ('SP00000012','KC00000003',50)
INSERT INTO KICHCO_SANPHAM VALUES ('SP00000012','KC00000004',50)
INSERT INTO KICHCO_SANPHAM VALUES ('SP00000012','KC00000005',50)
INSERT INTO KICHCO_SANPHAM VALUES ('SP00000012','KC00000006',50)
INSERT INTO KICHCO_SANPHAM VALUES ('SP00000012','KC00000007',50)
INSERT INTO KICHCO_SANPHAM VALUES ('SP00000012','KC00000008',50)
INSERT INTO KICHCO_SANPHAM VALUES ('SP00000013','KC00000001',50)
INSERT INTO KICHCO_SANPHAM VALUES ('SP00000013','KC00000002',50)
INSERT INTO KICHCO_SANPHAM VALUES ('SP00000013','KC00000003',50)
INSERT INTO KICHCO_SANPHAM VALUES ('SP00000013','KC00000004',50)
INSERT INTO KICHCO_SANPHAM VALUES ('SP00000013','KC00000005',50)
INSERT INTO KICHCO_SANPHAM VALUES ('SP00000013','KC00000006',50)
INSERT INTO KICHCO_SANPHAM VALUES ('SP00000013','KC00000007',50)
INSERT INTO KICHCO_SANPHAM VALUES ('SP00000013','KC00000008',50)
INSERT INTO KICHCO_SANPHAM VALUES ('SP00000014','KC00000001',50)
INSERT INTO KICHCO_SANPHAM VALUES ('SP00000014','KC00000002',50)
INSERT INTO KICHCO_SANPHAM VALUES ('SP00000014','KC00000003',50)
INSERT INTO KICHCO_SANPHAM VALUES ('SP00000014','KC00000004',50)
INSERT INTO KICHCO_SANPHAM VALUES ('SP00000014','KC00000005',50)
INSERT INTO KICHCO_SANPHAM VALUES ('SP00000014','KC00000006',50)
INSERT INTO KICHCO_SANPHAM VALUES ('SP00000014','KC00000007',50)
INSERT INTO KICHCO_SANPHAM VALUES ('SP00000014','KC00000008',50)
INSERT INTO KICHCO_SANPHAM VALUES ('SP00000015','KC00000001',50)
INSERT INTO KICHCO_SANPHAM VALUES ('SP00000015','KC00000002',50)
INSERT INTO KICHCO_SANPHAM VALUES ('SP00000015','KC00000003',50)
INSERT INTO KICHCO_SANPHAM VALUES ('SP00000015','KC00000004',50)
INSERT INTO KICHCO_SANPHAM VALUES ('SP00000015','KC00000005',50)
INSERT INTO KICHCO_SANPHAM VALUES ('SP00000015','KC00000006',50)
INSERT INTO KICHCO_SANPHAM VALUES ('SP00000015','KC00000007',50)
INSERT INTO KICHCO_SANPHAM VALUES ('SP00000015','KC00000008',50)
INSERT INTO KICHCO_SANPHAM VALUES ('SP00000016','KC00000001',50)
INSERT INTO KICHCO_SANPHAM VALUES ('SP00000016','KC00000002',50)
INSERT INTO KICHCO_SANPHAM VALUES ('SP00000016','KC00000003',50)
INSERT INTO KICHCO_SANPHAM VALUES ('SP00000016','KC00000004',50)
INSERT INTO KICHCO_SANPHAM VALUES ('SP00000016','KC00000005',50)
INSERT INTO KICHCO_SANPHAM VALUES ('SP00000016','KC00000006',50)
INSERT INTO KICHCO_SANPHAM VALUES ('SP00000016','KC00000007',50)
INSERT INTO KICHCO_SANPHAM VALUES ('SP00000016','KC00000008',50)
INSERT INTO KICHCO_SANPHAM VALUES ('SP00000017','KC00000001',50)
INSERT INTO KICHCO_SANPHAM VALUES ('SP00000017','KC00000002',50)
INSERT INTO KICHCO_SANPHAM VALUES ('SP00000017','KC00000003',50)
INSERT INTO KICHCO_SANPHAM VALUES ('SP00000017','KC00000004',50)
INSERT INTO KICHCO_SANPHAM VALUES ('SP00000017','KC00000005',50)
INSERT INTO KICHCO_SANPHAM VALUES ('SP00000017','KC00000006',50)
INSERT INTO KICHCO_SANPHAM VALUES ('SP00000017','KC00000007',50)
INSERT INTO KICHCO_SANPHAM VALUES ('SP00000017','KC00000008',50)
INSERT INTO KICHCO_SANPHAM VALUES ('SP00000018','KC00000001',50)
INSERT INTO KICHCO_SANPHAM VALUES ('SP00000018','KC00000002',50)
INSERT INTO KICHCO_SANPHAM VALUES ('SP00000018','KC00000003',50)
INSERT INTO KICHCO_SANPHAM VALUES ('SP00000018','KC00000004',50)
INSERT INTO KICHCO_SANPHAM VALUES ('SP00000018','KC00000005',50)
INSERT INTO KICHCO_SANPHAM VALUES ('SP00000018','KC00000006',50)
INSERT INTO KICHCO_SANPHAM VALUES ('SP00000018','KC00000007',50)
INSERT INTO KICHCO_SANPHAM VALUES ('SP00000018','KC00000008',50)
INSERT INTO KICHCO_SANPHAM VALUES ('SP00000019','KC00000001',50)
INSERT INTO KICHCO_SANPHAM VALUES ('SP00000019','KC00000002',50)
INSERT INTO KICHCO_SANPHAM VALUES ('SP00000019','KC00000003',50)
INSERT INTO KICHCO_SANPHAM VALUES ('SP00000019','KC00000004',50)
INSERT INTO KICHCO_SANPHAM VALUES ('SP00000019','KC00000005',50)
INSERT INTO KICHCO_SANPHAM VALUES ('SP00000019','KC00000006',50)
INSERT INTO KICHCO_SANPHAM VALUES ('SP00000019','KC00000007',50)
INSERT INTO KICHCO_SANPHAM VALUES ('SP00000019','KC00000008',50)
INSERT INTO KICHCO_SANPHAM VALUES ('SP00000020','KC00000001',50)
INSERT INTO KICHCO_SANPHAM VALUES ('SP00000020','KC00000002',50)
INSERT INTO KICHCO_SANPHAM VALUES ('SP00000020','KC00000003',50)
INSERT INTO KICHCO_SANPHAM VALUES ('SP00000020','KC00000004',50)
INSERT INTO KICHCO_SANPHAM VALUES ('SP00000020','KC00000005',50)
INSERT INTO KICHCO_SANPHAM VALUES ('SP00000020','KC00000006',50)
INSERT INTO KICHCO_SANPHAM VALUES ('SP00000020','KC00000007',50)
INSERT INTO KICHCO_SANPHAM VALUES ('SP00000020','KC00000008',50)
INSERT INTO KICHCO_SANPHAM VALUES ('SP00000021','KC00000001',50)
INSERT INTO KICHCO_SANPHAM VALUES ('SP00000021','KC00000002',50)
INSERT INTO KICHCO_SANPHAM VALUES ('SP00000021','KC00000003',50)
INSERT INTO KICHCO_SANPHAM VALUES ('SP00000021','KC00000004',50)
INSERT INTO KICHCO_SANPHAM VALUES ('SP00000021','KC00000005',50)
INSERT INTO KICHCO_SANPHAM VALUES ('SP00000021','KC00000006',50)
INSERT INTO KICHCO_SANPHAM VALUES ('SP00000021','KC00000007',50)
INSERT INTO KICHCO_SANPHAM VALUES ('SP00000021','KC00000008',50)
INSERT INTO KICHCO_SANPHAM VALUES ('SP00000022','KC00000001',50)
INSERT INTO KICHCO_SANPHAM VALUES ('SP00000022','KC00000002',50)
INSERT INTO KICHCO_SANPHAM VALUES ('SP00000022','KC00000003',50)
INSERT INTO KICHCO_SANPHAM VALUES ('SP00000022','KC00000004',50)
INSERT INTO KICHCO_SANPHAM VALUES ('SP00000022','KC00000005',50)
INSERT INTO KICHCO_SANPHAM VALUES ('SP00000022','KC00000006',50)
INSERT INTO KICHCO_SANPHAM VALUES ('SP00000022','KC00000007',50)
INSERT INTO KICHCO_SANPHAM VALUES ('SP00000022','KC00000008',50)
INSERT INTO KICHCO_SANPHAM VALUES ('SP00000023','KC00000001',50)
INSERT INTO KICHCO_SANPHAM VALUES ('SP00000023','KC00000002',50)
INSERT INTO KICHCO_SANPHAM VALUES ('SP00000023','KC00000003',50)
INSERT INTO KICHCO_SANPHAM VALUES ('SP00000023','KC00000004',50)
INSERT INTO KICHCO_SANPHAM VALUES ('SP00000023','KC00000005',50)
INSERT INTO KICHCO_SANPHAM VALUES ('SP00000023','KC00000006',50)
INSERT INTO KICHCO_SANPHAM VALUES ('SP00000023','KC00000007',50)
INSERT INTO KICHCO_SANPHAM VALUES ('SP00000023','KC00000008',50)
INSERT INTO KICHCO_SANPHAM VALUES ('SP00000024','KC00000001',50)
INSERT INTO KICHCO_SANPHAM VALUES ('SP00000024','KC00000002',50)
INSERT INTO KICHCO_SANPHAM VALUES ('SP00000024','KC00000003',50)
INSERT INTO KICHCO_SANPHAM VALUES ('SP00000024','KC00000004',50)
INSERT INTO KICHCO_SANPHAM VALUES ('SP00000024','KC00000005',50)
INSERT INTO KICHCO_SANPHAM VALUES ('SP00000024','KC00000006',50)
INSERT INTO KICHCO_SANPHAM VALUES ('SP00000024','KC00000007',50)
INSERT INTO KICHCO_SANPHAM VALUES ('SP00000024','KC00000008',50)
INSERT INTO KICHCO_SANPHAM VALUES ('SP00000025','KC00000001',50)
INSERT INTO KICHCO_SANPHAM VALUES ('SP00000025','KC00000002',50)
INSERT INTO KICHCO_SANPHAM VALUES ('SP00000025','KC00000003',50)
INSERT INTO KICHCO_SANPHAM VALUES ('SP00000025','KC00000004',50)
INSERT INTO KICHCO_SANPHAM VALUES ('SP00000025','KC00000005',50)
INSERT INTO KICHCO_SANPHAM VALUES ('SP00000025','KC00000006',50)
INSERT INTO KICHCO_SANPHAM VALUES ('SP00000025','KC00000007',50)
INSERT INTO KICHCO_SANPHAM VALUES ('SP00000025','KC00000008',50)
INSERT INTO KICHCO_SANPHAM VALUES ('SP00000026','KC00000001',50)
INSERT INTO KICHCO_SANPHAM VALUES ('SP00000026','KC00000002',50)
INSERT INTO KICHCO_SANPHAM VALUES ('SP00000026','KC00000003',50)
INSERT INTO KICHCO_SANPHAM VALUES ('SP00000026','KC00000004',50)
INSERT INTO KICHCO_SANPHAM VALUES ('SP00000026','KC00000005',50)
INSERT INTO KICHCO_SANPHAM VALUES ('SP00000026','KC00000006',50)
INSERT INTO KICHCO_SANPHAM VALUES ('SP00000026','KC00000007',50)
INSERT INTO KICHCO_SANPHAM VALUES ('SP00000026','KC00000008',50)
INSERT INTO KICHCO_SANPHAM VALUES ('SP00000027','KC00000001',50)
INSERT INTO KICHCO_SANPHAM VALUES ('SP00000027','KC00000002',50)
INSERT INTO KICHCO_SANPHAM VALUES ('SP00000027','KC00000003',50)
INSERT INTO KICHCO_SANPHAM VALUES ('SP00000027','KC00000004',50)
INSERT INTO KICHCO_SANPHAM VALUES ('SP00000027','KC00000005',50)
INSERT INTO KICHCO_SANPHAM VALUES ('SP00000027','KC00000006',50)
INSERT INTO KICHCO_SANPHAM VALUES ('SP00000027','KC00000007',50)
INSERT INTO KICHCO_SANPHAM VALUES ('SP00000027','KC00000008',50)
INSERT INTO KICHCO_SANPHAM VALUES ('SP00000028','KC00000001',50)
INSERT INTO KICHCO_SANPHAM VALUES ('SP00000028','KC00000002',50)
INSERT INTO KICHCO_SANPHAM VALUES ('SP00000028','KC00000003',50)
INSERT INTO KICHCO_SANPHAM VALUES ('SP00000028','KC00000004',50)
INSERT INTO KICHCO_SANPHAM VALUES ('SP00000028','KC00000005',50)
INSERT INTO KICHCO_SANPHAM VALUES ('SP00000028','KC00000006',50)
INSERT INTO KICHCO_SANPHAM VALUES ('SP00000028','KC00000007',50)
INSERT INTO KICHCO_SANPHAM VALUES ('SP00000028','KC00000008',50)
INSERT INTO KICHCO_SANPHAM VALUES ('SP00000029','KC00000001',50)
INSERT INTO KICHCO_SANPHAM VALUES ('SP00000029','KC00000002',50)
INSERT INTO KICHCO_SANPHAM VALUES ('SP00000029','KC00000003',50)
INSERT INTO KICHCO_SANPHAM VALUES ('SP00000029','KC00000004',50)
INSERT INTO KICHCO_SANPHAM VALUES ('SP00000029','KC00000005',50)
INSERT INTO KICHCO_SANPHAM VALUES ('SP00000029','KC00000006',50)
INSERT INTO KICHCO_SANPHAM VALUES ('SP00000029','KC00000007',50)
INSERT INTO KICHCO_SANPHAM VALUES ('SP00000029','KC00000008',50)
INSERT INTO KICHCO_SANPHAM VALUES ('SP00000030','KC00000001',50)
INSERT INTO KICHCO_SANPHAM VALUES ('SP00000030','KC00000002',50)
INSERT INTO KICHCO_SANPHAM VALUES ('SP00000030','KC00000003',50)
INSERT INTO KICHCO_SANPHAM VALUES ('SP00000030','KC00000004',50)
INSERT INTO KICHCO_SANPHAM VALUES ('SP00000030','KC00000005',50)
INSERT INTO KICHCO_SANPHAM VALUES ('SP00000030','KC00000006',50)
INSERT INTO KICHCO_SANPHAM VALUES ('SP00000030','KC00000007',50)
INSERT INTO KICHCO_SANPHAM VALUES ('SP00000030','KC00000008',50)

															
INSERT INTO BIENDONGGIA VALUES ('SP00000001',3,2023,1000000)
INSERT INTO BIENDONGGIA VALUES ('SP00000002',4,2023,1500000)
INSERT INTO BIENDONGGIA VALUES ('SP00000003',5,2023,2000000)
INSERT INTO BIENDONGGIA VALUES ('SP00000004',5,2023,2500000)
INSERT INTO BIENDONGGIA VALUES ('SP00000005',3,2023,1000000)
INSERT INTO BIENDONGGIA VALUES ('SP00000006',4,2023,1500000)
INSERT INTO BIENDONGGIA VALUES ('SP00000007',5,2023,2000000)
INSERT INTO BIENDONGGIA VALUES ('SP00000008',5,2023,2500000)
INSERT INTO BIENDONGGIA VALUES ('SP00000009',3,2023,1000000)
INSERT INTO BIENDONGGIA VALUES ('SP00000010',4,2023,1500000)
INSERT INTO BIENDONGGIA VALUES ('SP00000011',5,2023,2000000)
INSERT INTO BIENDONGGIA VALUES ('SP00000012',5,2023,2500000)
INSERT INTO BIENDONGGIA VALUES ('SP00000013',3,2023,1000000)
INSERT INTO BIENDONGGIA VALUES ('SP00000014',4,2023,1500000)
INSERT INTO BIENDONGGIA VALUES ('SP00000015',5,2023,2000000)
INSERT INTO BIENDONGGIA VALUES ('SP00000016',5,2023,2500000)
INSERT INTO BIENDONGGIA VALUES ('SP00000017',3,2023,1000000)
INSERT INTO BIENDONGGIA VALUES ('SP00000018',4,2023,1500000)
INSERT INTO BIENDONGGIA VALUES ('SP00000019',5,2023,2000000)
INSERT INTO BIENDONGGIA VALUES ('SP00000020',5,2023,2500000)
INSERT INTO BIENDONGGIA VALUES ('SP00000021',3,2023,1000000)
INSERT INTO BIENDONGGIA VALUES ('SP00000022',4,2023,1500000)
INSERT INTO BIENDONGGIA VALUES ('SP00000023',5,2023,2000000)
INSERT INTO BIENDONGGIA VALUES ('SP00000024',5,2023,2500000)
INSERT INTO BIENDONGGIA VALUES ('SP00000025',3,2023,1000000)
INSERT INTO BIENDONGGIA VALUES ('SP00000026',4,2023,1500000)
INSERT INTO BIENDONGGIA VALUES ('SP00000027',5,2023,2000000)
INSERT INTO BIENDONGGIA VALUES ('SP00000028',5,2023,2500000)
INSERT INTO BIENDONGGIA VALUES ('SP00000029',3,2023,1000000)
INSERT INTO BIENDONGGIA VALUES ('SP00000030',4,2023,1500000)
											


INSERT INTO CHITIET_DONHANG (MaDH,SoLuong,GiaTien,MaKC,MaSP) VALUES ('DH00000001',1,1000000,'KC00000004','SP00000009')
INSERT INTO CHITIET_DONHANG (MaDH,SoLuong,GiaTien,MaKC,MaSP) VALUES ('DH00000001',1,1000000,'KC00000001','SP00000021')
INSERT INTO CHITIET_DONHANG (MaDH,SoLuong,GiaTien,MaKC,MaSP) VALUES ('DH00000002',1,1500000,'KC00000004','SP00000025')
INSERT INTO CHITIET_DONHANG (MaDH,SoLuong,GiaTien,MaKC,MaSP) VALUES ('DH00000002',1,1000000,'KC00000004','SP00000014')
INSERT INTO CHITIET_DONHANG (MaDH,SoLuong,GiaTien,MaKC,MaSP) VALUES ('DH00000003',1,2000000,'KC00000002','SP00000008')
INSERT INTO CHITIET_DONHANG (MaDH,SoLuong,GiaTien,MaKC,MaSP) VALUES ('DH00000003',1,1500000,'KC00000003','SP00000010')
INSERT INTO CHITIET_DONHANG (MaDH,SoLuong,GiaTien,MaKC,MaSP) VALUES ('DH00000003',1,1000000,'KC00000002','SP00000021')
INSERT INTO CHITIET_DONHANG (MaDH,SoLuong,GiaTien,MaKC,MaSP) VALUES ('DH00000004',1,2500000,'KC00000004','SP00000028')
INSERT INTO CHITIET_DONHANG (MaDH,SoLuong,GiaTien,MaKC,MaSP) VALUES ('DH00000004',1,1500000,'KC00000002','SP00000016')
INSERT INTO CHITIET_DONHANG (MaDH,SoLuong,GiaTien,MaKC,MaSP) VALUES ('DH00000004',1,1000000,'KC00000004','SP00000009')
INSERT INTO CHITIET_DONHANG (MaDH,SoLuong,GiaTien,MaKC,MaSP) VALUES ('DH00000005',1,1000000,'KC00000004','SP00000026')



INSERT INTO CHITIET_PHIEUNHAP VALUES ('PN00000001','SP00000001','KC00000001',50,950000,1)
INSERT INTO CHITIET_PHIEUNHAP VALUES ('PN00000001','SP00000001','KC00000002',50,950000,1)
INSERT INTO CHITIET_PHIEUNHAP VALUES ('PN00000001','SP00000001','KC00000003',50,950000,1)
INSERT INTO CHITIET_PHIEUNHAP VALUES ('PN00000001','SP00000001','KC00000004',50,950000,1)
INSERT INTO CHITIET_PHIEUNHAP VALUES ('PN00000001','SP00000001','KC00000005',50,950000,1)
INSERT INTO CHITIET_PHIEUNHAP VALUES ('PN00000001','SP00000001','KC00000006',50,950000,1)
INSERT INTO CHITIET_PHIEUNHAP VALUES ('PN00000001','SP00000001','KC00000007',50,950000,1)
INSERT INTO CHITIET_PHIEUNHAP VALUES ('PN00000001','SP00000001','KC00000008',50,950000,1)
INSERT INTO CHITIET_PHIEUNHAP VALUES ('PN00000001','SP00000002','KC00000001',50,950000,1)
INSERT INTO CHITIET_PHIEUNHAP VALUES ('PN00000001','SP00000002','KC00000002',50,950000,1)
INSERT INTO CHITIET_PHIEUNHAP VALUES ('PN00000001','SP00000002','KC00000003',50,950000,1)
INSERT INTO CHITIET_PHIEUNHAP VALUES ('PN00000001','SP00000002','KC00000004',50,950000,1)
INSERT INTO CHITIET_PHIEUNHAP VALUES ('PN00000001','SP00000002','KC00000005',50,950000,1)
INSERT INTO CHITIET_PHIEUNHAP VALUES ('PN00000001','SP00000002','KC00000006',50,950000,1)
INSERT INTO CHITIET_PHIEUNHAP VALUES ('PN00000001','SP00000002','KC00000007',50,950000,1)
INSERT INTO CHITIET_PHIEUNHAP VALUES ('PN00000001','SP00000002','KC00000008',50,950000,1)
INSERT INTO CHITIET_PHIEUNHAP VALUES ('PN00000001','SP00000003','KC00000001',50,950000,1)
INSERT INTO CHITIET_PHIEUNHAP VALUES ('PN00000001','SP00000003','KC00000002',50,950000,1)
INSERT INTO CHITIET_PHIEUNHAP VALUES ('PN00000001','SP00000003','KC00000003',50,950000,1)
INSERT INTO CHITIET_PHIEUNHAP VALUES ('PN00000001','SP00000003','KC00000004',50,950000,1)
INSERT INTO CHITIET_PHIEUNHAP VALUES ('PN00000001','SP00000003','KC00000005',50,950000,1)
INSERT INTO CHITIET_PHIEUNHAP VALUES ('PN00000001','SP00000003','KC00000006',50,950000,1)
INSERT INTO CHITIET_PHIEUNHAP VALUES ('PN00000001','SP00000003','KC00000007',50,950000,1)
INSERT INTO CHITIET_PHIEUNHAP VALUES ('PN00000001','SP00000003','KC00000008',50,950000,1)
INSERT INTO CHITIET_PHIEUNHAP VALUES ('PN00000001','SP00000004','KC00000001',50,950000,1)
INSERT INTO CHITIET_PHIEUNHAP VALUES ('PN00000001','SP00000004','KC00000002',50,950000,1)
INSERT INTO CHITIET_PHIEUNHAP VALUES ('PN00000001','SP00000004','KC00000003',50,950000,1)
INSERT INTO CHITIET_PHIEUNHAP VALUES ('PN00000001','SP00000004','KC00000004',50,950000,1)
INSERT INTO CHITIET_PHIEUNHAP VALUES ('PN00000001','SP00000004','KC00000005',50,950000,1)
INSERT INTO CHITIET_PHIEUNHAP VALUES ('PN00000001','SP00000004','KC00000006',50,950000,1)
INSERT INTO CHITIET_PHIEUNHAP VALUES ('PN00000001','SP00000004','KC00000007',50,950000,1)
INSERT INTO CHITIET_PHIEUNHAP VALUES ('PN00000001','SP00000004','KC00000008',50,950000,1)
INSERT INTO CHITIET_PHIEUNHAP VALUES ('PN00000001','SP00000005','KC00000001',50,950000,1)
INSERT INTO CHITIET_PHIEUNHAP VALUES ('PN00000001','SP00000005','KC00000002',50,950000,1)
INSERT INTO CHITIET_PHIEUNHAP VALUES ('PN00000001','SP00000005','KC00000003',50,950000,1)
INSERT INTO CHITIET_PHIEUNHAP VALUES ('PN00000001','SP00000005','KC00000004',50,950000,1)
INSERT INTO CHITIET_PHIEUNHAP VALUES ('PN00000001','SP00000005','KC00000005',50,950000,1)
INSERT INTO CHITIET_PHIEUNHAP VALUES ('PN00000001','SP00000005','KC00000006',50,950000,1)
INSERT INTO CHITIET_PHIEUNHAP VALUES ('PN00000001','SP00000005','KC00000007',50,950000,1)
INSERT INTO CHITIET_PHIEUNHAP VALUES ('PN00000001','SP00000005','KC00000008',50,950000,1)
INSERT INTO CHITIET_PHIEUNHAP VALUES ('PN00000002','SP00000006','KC00000001',50,950000,1)
INSERT INTO CHITIET_PHIEUNHAP VALUES ('PN00000002','SP00000006','KC00000002',50,950000,1)
INSERT INTO CHITIET_PHIEUNHAP VALUES ('PN00000002','SP00000006','KC00000003',50,950000,1)
INSERT INTO CHITIET_PHIEUNHAP VALUES ('PN00000002','SP00000006','KC00000004',50,950000,1)
INSERT INTO CHITIET_PHIEUNHAP VALUES ('PN00000002','SP00000006','KC00000005',50,950000,1)
INSERT INTO CHITIET_PHIEUNHAP VALUES ('PN00000002','SP00000006','KC00000006',50,950000,1)
INSERT INTO CHITIET_PHIEUNHAP VALUES ('PN00000002','SP00000006','KC00000007',50,950000,1)
INSERT INTO CHITIET_PHIEUNHAP VALUES ('PN00000002','SP00000006','KC00000008',50,950000,1)
INSERT INTO CHITIET_PHIEUNHAP VALUES ('PN00000002','SP00000007','KC00000001',50,950000,1)
INSERT INTO CHITIET_PHIEUNHAP VALUES ('PN00000002','SP00000007','KC00000002',50,950000,1)
INSERT INTO CHITIET_PHIEUNHAP VALUES ('PN00000002','SP00000007','KC00000003',50,950000,1)
INSERT INTO CHITIET_PHIEUNHAP VALUES ('PN00000002','SP00000007','KC00000004',50,950000,1)
INSERT INTO CHITIET_PHIEUNHAP VALUES ('PN00000002','SP00000007','KC00000005',50,950000,1)
INSERT INTO CHITIET_PHIEUNHAP VALUES ('PN00000002','SP00000007','KC00000006',50,950000,1)
INSERT INTO CHITIET_PHIEUNHAP VALUES ('PN00000002','SP00000007','KC00000007',50,950000,1)
INSERT INTO CHITIET_PHIEUNHAP VALUES ('PN00000002','SP00000007','KC00000008',50,950000,1)
INSERT INTO CHITIET_PHIEUNHAP VALUES ('PN00000002','SP00000008','KC00000001',50,950000,1)
INSERT INTO CHITIET_PHIEUNHAP VALUES ('PN00000002','SP00000008','KC00000002',50,950000,1)
INSERT INTO CHITIET_PHIEUNHAP VALUES ('PN00000002','SP00000008','KC00000003',50,950000,1)
INSERT INTO CHITIET_PHIEUNHAP VALUES ('PN00000002','SP00000008','KC00000004',50,950000,1)
INSERT INTO CHITIET_PHIEUNHAP VALUES ('PN00000002','SP00000008','KC00000005',50,950000,1)
INSERT INTO CHITIET_PHIEUNHAP VALUES ('PN00000002','SP00000008','KC00000006',50,950000,1)
INSERT INTO CHITIET_PHIEUNHAP VALUES ('PN00000002','SP00000008','KC00000007',50,950000,1)
INSERT INTO CHITIET_PHIEUNHAP VALUES ('PN00000002','SP00000008','KC00000008',50,950000,1)
INSERT INTO CHITIET_PHIEUNHAP VALUES ('PN00000002','SP00000009','KC00000001',50,950000,1)
INSERT INTO CHITIET_PHIEUNHAP VALUES ('PN00000002','SP00000009','KC00000002',50,950000,1)
INSERT INTO CHITIET_PHIEUNHAP VALUES ('PN00000002','SP00000009','KC00000003',50,950000,1)
INSERT INTO CHITIET_PHIEUNHAP VALUES ('PN00000002','SP00000009','KC00000004',50,950000,1)
INSERT INTO CHITIET_PHIEUNHAP VALUES ('PN00000002','SP00000009','KC00000005',50,950000,1)
INSERT INTO CHITIET_PHIEUNHAP VALUES ('PN00000002','SP00000009','KC00000006',50,950000,1)
INSERT INTO CHITIET_PHIEUNHAP VALUES ('PN00000002','SP00000009','KC00000007',50,950000,1)
INSERT INTO CHITIET_PHIEUNHAP VALUES ('PN00000002','SP00000009','KC00000008',50,950000,1)
INSERT INTO CHITIET_PHIEUNHAP VALUES ('PN00000003','SP00000010','KC00000001',50,950000,1)
INSERT INTO CHITIET_PHIEUNHAP VALUES ('PN00000003','SP00000010','KC00000002',50,950000,1)
INSERT INTO CHITIET_PHIEUNHAP VALUES ('PN00000003','SP00000010','KC00000003',50,950000,1)
INSERT INTO CHITIET_PHIEUNHAP VALUES ('PN00000003','SP00000010','KC00000004',50,950000,1)
INSERT INTO CHITIET_PHIEUNHAP VALUES ('PN00000003','SP00000010','KC00000005',50,950000,1)
INSERT INTO CHITIET_PHIEUNHAP VALUES ('PN00000003','SP00000010','KC00000006',50,950000,1)
INSERT INTO CHITIET_PHIEUNHAP VALUES ('PN00000003','SP00000010','KC00000007',50,950000,1)
INSERT INTO CHITIET_PHIEUNHAP VALUES ('PN00000003','SP00000010','KC00000008',50,950000,1)
INSERT INTO CHITIET_PHIEUNHAP VALUES ('PN00000003','SP00000011','KC00000001',50,950000,1)
INSERT INTO CHITIET_PHIEUNHAP VALUES ('PN00000003','SP00000011','KC00000002',50,950000,1)
INSERT INTO CHITIET_PHIEUNHAP VALUES ('PN00000003','SP00000011','KC00000003',50,950000,1)
INSERT INTO CHITIET_PHIEUNHAP VALUES ('PN00000003','SP00000011','KC00000004',50,950000,1)
INSERT INTO CHITIET_PHIEUNHAP VALUES ('PN00000003','SP00000011','KC00000005',50,950000,1)
INSERT INTO CHITIET_PHIEUNHAP VALUES ('PN00000003','SP00000011','KC00000006',50,950000,1)
INSERT INTO CHITIET_PHIEUNHAP VALUES ('PN00000003','SP00000011','KC00000007',50,950000,1)
INSERT INTO CHITIET_PHIEUNHAP VALUES ('PN00000003','SP00000011','KC00000008',50,950000,1)
INSERT INTO CHITIET_PHIEUNHAP VALUES ('PN00000003','SP00000012','KC00000001',50,950000,1)
INSERT INTO CHITIET_PHIEUNHAP VALUES ('PN00000003','SP00000012','KC00000002',50,950000,1)
INSERT INTO CHITIET_PHIEUNHAP VALUES ('PN00000003','SP00000012','KC00000003',50,950000,1)
INSERT INTO CHITIET_PHIEUNHAP VALUES ('PN00000003','SP00000012','KC00000004',50,950000,1)
INSERT INTO CHITIET_PHIEUNHAP VALUES ('PN00000003','SP00000012','KC00000005',50,950000,1)
INSERT INTO CHITIET_PHIEUNHAP VALUES ('PN00000003','SP00000012','KC00000006',50,950000,1)
INSERT INTO CHITIET_PHIEUNHAP VALUES ('PN00000003','SP00000012','KC00000007',50,950000,1)
INSERT INTO CHITIET_PHIEUNHAP VALUES ('PN00000003','SP00000012','KC00000008',50,950000,1)
INSERT INTO CHITIET_PHIEUNHAP VALUES ('PN00000003','SP00000013','KC00000001',50,950000,1)
INSERT INTO CHITIET_PHIEUNHAP VALUES ('PN00000003','SP00000013','KC00000002',50,950000,1)
INSERT INTO CHITIET_PHIEUNHAP VALUES ('PN00000003','SP00000013','KC00000003',50,950000,1)
INSERT INTO CHITIET_PHIEUNHAP VALUES ('PN00000003','SP00000013','KC00000004',50,950000,1)
INSERT INTO CHITIET_PHIEUNHAP VALUES ('PN00000003','SP00000013','KC00000005',50,950000,1)
INSERT INTO CHITIET_PHIEUNHAP VALUES ('PN00000003','SP00000013','KC00000006',50,950000,1)
INSERT INTO CHITIET_PHIEUNHAP VALUES ('PN00000003','SP00000013','KC00000007',50,950000,1)
INSERT INTO CHITIET_PHIEUNHAP VALUES ('PN00000003','SP00000013','KC00000008',50,950000,1)
INSERT INTO CHITIET_PHIEUNHAP VALUES ('PN00000004','SP00000014','KC00000001',50,950000,1)
INSERT INTO CHITIET_PHIEUNHAP VALUES ('PN00000004','SP00000014','KC00000002',50,950000,1)
INSERT INTO CHITIET_PHIEUNHAP VALUES ('PN00000004','SP00000014','KC00000003',50,950000,1)
INSERT INTO CHITIET_PHIEUNHAP VALUES ('PN00000004','SP00000014','KC00000004',50,950000,1)
INSERT INTO CHITIET_PHIEUNHAP VALUES ('PN00000004','SP00000014','KC00000005',50,950000,1)
INSERT INTO CHITIET_PHIEUNHAP VALUES ('PN00000004','SP00000014','KC00000006',50,950000,1)
INSERT INTO CHITIET_PHIEUNHAP VALUES ('PN00000004','SP00000014','KC00000007',50,950000,1)
INSERT INTO CHITIET_PHIEUNHAP VALUES ('PN00000004','SP00000014','KC00000008',50,950000,1)
INSERT INTO CHITIET_PHIEUNHAP VALUES ('PN00000004','SP00000015','KC00000001',50,950000,1)
INSERT INTO CHITIET_PHIEUNHAP VALUES ('PN00000004','SP00000015','KC00000002',50,950000,1)
INSERT INTO CHITIET_PHIEUNHAP VALUES ('PN00000004','SP00000015','KC00000003',50,950000,1)
INSERT INTO CHITIET_PHIEUNHAP VALUES ('PN00000004','SP00000015','KC00000004',50,950000,1)
INSERT INTO CHITIET_PHIEUNHAP VALUES ('PN00000004','SP00000015','KC00000005',50,950000,1)
INSERT INTO CHITIET_PHIEUNHAP VALUES ('PN00000004','SP00000015','KC00000006',50,950000,1)
INSERT INTO CHITIET_PHIEUNHAP VALUES ('PN00000004','SP00000015','KC00000007',50,950000,1)
INSERT INTO CHITIET_PHIEUNHAP VALUES ('PN00000004','SP00000015','KC00000008',50,950000,1)
INSERT INTO CHITIET_PHIEUNHAP VALUES ('PN00000004','SP00000016','KC00000001',50,950000,1)
INSERT INTO CHITIET_PHIEUNHAP VALUES ('PN00000004','SP00000016','KC00000002',50,950000,1)
INSERT INTO CHITIET_PHIEUNHAP VALUES ('PN00000004','SP00000016','KC00000003',50,950000,1)
INSERT INTO CHITIET_PHIEUNHAP VALUES ('PN00000004','SP00000016','KC00000004',50,950000,1)
INSERT INTO CHITIET_PHIEUNHAP VALUES ('PN00000004','SP00000016','KC00000005',50,950000,1)
INSERT INTO CHITIET_PHIEUNHAP VALUES ('PN00000004','SP00000016','KC00000006',50,950000,1)
INSERT INTO CHITIET_PHIEUNHAP VALUES ('PN00000004','SP00000016','KC00000007',50,950000,1)
INSERT INTO CHITIET_PHIEUNHAP VALUES ('PN00000004','SP00000016','KC00000008',50,950000,1)
INSERT INTO CHITIET_PHIEUNHAP VALUES ('PN00000004','SP00000017','KC00000001',50,950000,1)
INSERT INTO CHITIET_PHIEUNHAP VALUES ('PN00000004','SP00000017','KC00000002',50,950000,1)
INSERT INTO CHITIET_PHIEUNHAP VALUES ('PN00000004','SP00000017','KC00000003',50,950000,1)
INSERT INTO CHITIET_PHIEUNHAP VALUES ('PN00000004','SP00000017','KC00000004',50,950000,1)
INSERT INTO CHITIET_PHIEUNHAP VALUES ('PN00000004','SP00000017','KC00000005',50,950000,1)
INSERT INTO CHITIET_PHIEUNHAP VALUES ('PN00000004','SP00000017','KC00000006',50,950000,1)
INSERT INTO CHITIET_PHIEUNHAP VALUES ('PN00000004','SP00000017','KC00000007',50,950000,1)
INSERT INTO CHITIET_PHIEUNHAP VALUES ('PN00000004','SP00000017','KC00000008',50,950000,1)
INSERT INTO CHITIET_PHIEUNHAP VALUES ('PN00000005','SP00000018','KC00000001',50,950000,1)
INSERT INTO CHITIET_PHIEUNHAP VALUES ('PN00000005','SP00000018','KC00000002',50,950000,1)
INSERT INTO CHITIET_PHIEUNHAP VALUES ('PN00000005','SP00000018','KC00000003',50,950000,1)
INSERT INTO CHITIET_PHIEUNHAP VALUES ('PN00000005','SP00000018','KC00000004',50,950000,1)
INSERT INTO CHITIET_PHIEUNHAP VALUES ('PN00000005','SP00000018','KC00000005',50,950000,1)
INSERT INTO CHITIET_PHIEUNHAP VALUES ('PN00000005','SP00000018','KC00000006',50,950000,1)
INSERT INTO CHITIET_PHIEUNHAP VALUES ('PN00000005','SP00000018','KC00000007',50,950000,1)
INSERT INTO CHITIET_PHIEUNHAP VALUES ('PN00000005','SP00000018','KC00000008',50,950000,1)
INSERT INTO CHITIET_PHIEUNHAP VALUES ('PN00000005','SP00000019','KC00000001',50,950000,1)
INSERT INTO CHITIET_PHIEUNHAP VALUES ('PN00000005','SP00000019','KC00000002',50,950000,1)
INSERT INTO CHITIET_PHIEUNHAP VALUES ('PN00000005','SP00000019','KC00000003',50,950000,1)
INSERT INTO CHITIET_PHIEUNHAP VALUES ('PN00000005','SP00000019','KC00000004',50,950000,1)
INSERT INTO CHITIET_PHIEUNHAP VALUES ('PN00000005','SP00000019','KC00000005',50,950000,1)
INSERT INTO CHITIET_PHIEUNHAP VALUES ('PN00000005','SP00000019','KC00000006',50,950000,1)
INSERT INTO CHITIET_PHIEUNHAP VALUES ('PN00000005','SP00000019','KC00000007',50,950000,1)
INSERT INTO CHITIET_PHIEUNHAP VALUES ('PN00000005','SP00000019','KC00000008',50,950000,1)
INSERT INTO CHITIET_PHIEUNHAP VALUES ('PN00000005','SP00000020','KC00000001',50,950000,1)
INSERT INTO CHITIET_PHIEUNHAP VALUES ('PN00000005','SP00000020','KC00000002',50,950000,1)
INSERT INTO CHITIET_PHIEUNHAP VALUES ('PN00000005','SP00000020','KC00000003',50,950000,1)
INSERT INTO CHITIET_PHIEUNHAP VALUES ('PN00000005','SP00000020','KC00000004',50,950000,1)
INSERT INTO CHITIET_PHIEUNHAP VALUES ('PN00000005','SP00000020','KC00000005',50,950000,1)
INSERT INTO CHITIET_PHIEUNHAP VALUES ('PN00000005','SP00000020','KC00000006',50,950000,1)
INSERT INTO CHITIET_PHIEUNHAP VALUES ('PN00000005','SP00000020','KC00000007',50,950000,1)
INSERT INTO CHITIET_PHIEUNHAP VALUES ('PN00000005','SP00000020','KC00000008',50,950000,1)
INSERT INTO CHITIET_PHIEUNHAP VALUES ('PN00000005','SP00000021','KC00000001',50,950000,1)
INSERT INTO CHITIET_PHIEUNHAP VALUES ('PN00000005','SP00000021','KC00000002',50,950000,1)
INSERT INTO CHITIET_PHIEUNHAP VALUES ('PN00000005','SP00000021','KC00000003',50,950000,1)
INSERT INTO CHITIET_PHIEUNHAP VALUES ('PN00000005','SP00000021','KC00000004',50,950000,1)
INSERT INTO CHITIET_PHIEUNHAP VALUES ('PN00000005','SP00000021','KC00000005',50,950000,1)
INSERT INTO CHITIET_PHIEUNHAP VALUES ('PN00000005','SP00000021','KC00000006',50,950000,1)
INSERT INTO CHITIET_PHIEUNHAP VALUES ('PN00000005','SP00000021','KC00000007',50,950000,1)
INSERT INTO CHITIET_PHIEUNHAP VALUES ('PN00000005','SP00000021','KC00000008',50,950000,1)
INSERT INTO CHITIET_PHIEUNHAP VALUES ('PN00000006','SP00000022','KC00000001',50,950000,1)
INSERT INTO CHITIET_PHIEUNHAP VALUES ('PN00000006','SP00000022','KC00000002',50,950000,1)
INSERT INTO CHITIET_PHIEUNHAP VALUES ('PN00000006','SP00000022','KC00000003',50,950000,1)
INSERT INTO CHITIET_PHIEUNHAP VALUES ('PN00000006','SP00000022','KC00000004',50,950000,1)
INSERT INTO CHITIET_PHIEUNHAP VALUES ('PN00000006','SP00000022','KC00000005',50,950000,1)
INSERT INTO CHITIET_PHIEUNHAP VALUES ('PN00000006','SP00000022','KC00000006',50,950000,1)
INSERT INTO CHITIET_PHIEUNHAP VALUES ('PN00000006','SP00000022','KC00000007',50,950000,1)
INSERT INTO CHITIET_PHIEUNHAP VALUES ('PN00000006','SP00000022','KC00000008',50,950000,1)
INSERT INTO CHITIET_PHIEUNHAP VALUES ('PN00000006','SP00000023','KC00000001',50,950000,1)
INSERT INTO CHITIET_PHIEUNHAP VALUES ('PN00000006','SP00000023','KC00000002',50,950000,1)
INSERT INTO CHITIET_PHIEUNHAP VALUES ('PN00000006','SP00000023','KC00000003',50,950000,1)
INSERT INTO CHITIET_PHIEUNHAP VALUES ('PN00000006','SP00000023','KC00000004',50,950000,1)
INSERT INTO CHITIET_PHIEUNHAP VALUES ('PN00000006','SP00000023','KC00000005',50,950000,1)
INSERT INTO CHITIET_PHIEUNHAP VALUES ('PN00000006','SP00000023','KC00000006',50,950000,1)
INSERT INTO CHITIET_PHIEUNHAP VALUES ('PN00000006','SP00000023','KC00000007',50,950000,1)
INSERT INTO CHITIET_PHIEUNHAP VALUES ('PN00000006','SP00000023','KC00000008',50,950000,1)
INSERT INTO CHITIET_PHIEUNHAP VALUES ('PN00000006','SP00000024','KC00000001',50,950000,1)
INSERT INTO CHITIET_PHIEUNHAP VALUES ('PN00000006','SP00000024','KC00000002',50,950000,1)
INSERT INTO CHITIET_PHIEUNHAP VALUES ('PN00000006','SP00000024','KC00000003',50,950000,1)
INSERT INTO CHITIET_PHIEUNHAP VALUES ('PN00000006','SP00000024','KC00000004',50,950000,1)
INSERT INTO CHITIET_PHIEUNHAP VALUES ('PN00000006','SP00000024','KC00000005',50,950000,1)
INSERT INTO CHITIET_PHIEUNHAP VALUES ('PN00000006','SP00000024','KC00000006',50,950000,1)
INSERT INTO CHITIET_PHIEUNHAP VALUES ('PN00000006','SP00000024','KC00000007',50,950000,1)
INSERT INTO CHITIET_PHIEUNHAP VALUES ('PN00000006','SP00000024','KC00000008',50,950000,1)
INSERT INTO CHITIET_PHIEUNHAP VALUES ('PN00000006','SP00000025','KC00000001',50,950000,1)
INSERT INTO CHITIET_PHIEUNHAP VALUES ('PN00000006','SP00000025','KC00000002',50,950000,1)
INSERT INTO CHITIET_PHIEUNHAP VALUES ('PN00000006','SP00000025','KC00000003',50,950000,1)
INSERT INTO CHITIET_PHIEUNHAP VALUES ('PN00000006','SP00000025','KC00000004',50,950000,1)
INSERT INTO CHITIET_PHIEUNHAP VALUES ('PN00000006','SP00000025','KC00000005',50,950000,1)
INSERT INTO CHITIET_PHIEUNHAP VALUES ('PN00000006','SP00000025','KC00000006',50,950000,1)
INSERT INTO CHITIET_PHIEUNHAP VALUES ('PN00000006','SP00000025','KC00000007',50,950000,1)
INSERT INTO CHITIET_PHIEUNHAP VALUES ('PN00000006','SP00000025','KC00000008',50,950000,1)
INSERT INTO CHITIET_PHIEUNHAP VALUES ('PN00000006','SP00000026','KC00000001',50,950000,1)
INSERT INTO CHITIET_PHIEUNHAP VALUES ('PN00000006','SP00000026','KC00000002',50,950000,1)
INSERT INTO CHITIET_PHIEUNHAP VALUES ('PN00000006','SP00000026','KC00000003',50,950000,1)
INSERT INTO CHITIET_PHIEUNHAP VALUES ('PN00000006','SP00000026','KC00000004',50,950000,1)
INSERT INTO CHITIET_PHIEUNHAP VALUES ('PN00000006','SP00000026','KC00000005',50,950000,1)
INSERT INTO CHITIET_PHIEUNHAP VALUES ('PN00000006','SP00000026','KC00000006',50,950000,1)
INSERT INTO CHITIET_PHIEUNHAP VALUES ('PN00000006','SP00000026','KC00000007',50,950000,1)
INSERT INTO CHITIET_PHIEUNHAP VALUES ('PN00000006','SP00000026','KC00000008',50,950000,1)
INSERT INTO CHITIET_PHIEUNHAP VALUES ('PN00000007','SP00000027','KC00000001',50,950000,1)
INSERT INTO CHITIET_PHIEUNHAP VALUES ('PN00000007','SP00000027','KC00000002',50,950000,1)
INSERT INTO CHITIET_PHIEUNHAP VALUES ('PN00000007','SP00000027','KC00000003',50,950000,1)
INSERT INTO CHITIET_PHIEUNHAP VALUES ('PN00000007','SP00000027','KC00000004',50,950000,1)
INSERT INTO CHITIET_PHIEUNHAP VALUES ('PN00000007','SP00000027','KC00000005',50,950000,1)
INSERT INTO CHITIET_PHIEUNHAP VALUES ('PN00000007','SP00000027','KC00000006',50,950000,1)
INSERT INTO CHITIET_PHIEUNHAP VALUES ('PN00000007','SP00000027','KC00000007',50,950000,1)
INSERT INTO CHITIET_PHIEUNHAP VALUES ('PN00000007','SP00000027','KC00000008',50,950000,1)
INSERT INTO CHITIET_PHIEUNHAP VALUES ('PN00000007','SP00000028','KC00000001',50,950000,1)
INSERT INTO CHITIET_PHIEUNHAP VALUES ('PN00000007','SP00000028','KC00000002',50,950000,1)
INSERT INTO CHITIET_PHIEUNHAP VALUES ('PN00000007','SP00000028','KC00000003',50,950000,1)
INSERT INTO CHITIET_PHIEUNHAP VALUES ('PN00000007','SP00000028','KC00000004',50,950000,1)
INSERT INTO CHITIET_PHIEUNHAP VALUES ('PN00000007','SP00000028','KC00000005',50,950000,1)
INSERT INTO CHITIET_PHIEUNHAP VALUES ('PN00000007','SP00000028','KC00000006',50,950000,1)
INSERT INTO CHITIET_PHIEUNHAP VALUES ('PN00000007','SP00000028','KC00000007',50,950000,1)
INSERT INTO CHITIET_PHIEUNHAP VALUES ('PN00000007','SP00000028','KC00000008',50,950000,1)
INSERT INTO CHITIET_PHIEUNHAP VALUES ('PN00000007','SP00000029','KC00000001',50,950000,1)
INSERT INTO CHITIET_PHIEUNHAP VALUES ('PN00000007','SP00000029','KC00000002',50,950000,1)
INSERT INTO CHITIET_PHIEUNHAP VALUES ('PN00000007','SP00000029','KC00000003',50,950000,1)
INSERT INTO CHITIET_PHIEUNHAP VALUES ('PN00000007','SP00000029','KC00000004',50,950000,1)
INSERT INTO CHITIET_PHIEUNHAP VALUES ('PN00000007','SP00000029','KC00000005',50,950000,1)
INSERT INTO CHITIET_PHIEUNHAP VALUES ('PN00000007','SP00000029','KC00000006',50,950000,1)
INSERT INTO CHITIET_PHIEUNHAP VALUES ('PN00000007','SP00000029','KC00000007',50,950000,1)
INSERT INTO CHITIET_PHIEUNHAP VALUES ('PN00000007','SP00000029','KC00000008',50,950000,1)
INSERT INTO CHITIET_PHIEUNHAP VALUES ('PN00000007','SP00000030','KC00000001',50,950000,1)
INSERT INTO CHITIET_PHIEUNHAP VALUES ('PN00000007','SP00000030','KC00000002',50,950000,1)
INSERT INTO CHITIET_PHIEUNHAP VALUES ('PN00000007','SP00000030','KC00000003',50,950000,1)
INSERT INTO CHITIET_PHIEUNHAP VALUES ('PN00000007','SP00000030','KC00000004',50,950000,1)
INSERT INTO CHITIET_PHIEUNHAP VALUES ('PN00000007','SP00000030','KC00000005',50,950000,1)
INSERT INTO CHITIET_PHIEUNHAP VALUES ('PN00000007','SP00000030','KC00000006',50,950000,1)
INSERT INTO CHITIET_PHIEUNHAP VALUES ('PN00000007','SP00000030','KC00000007',50,950000,1)
INSERT INTO CHITIET_PHIEUNHAP VALUES ('PN00000007','SP00000030','KC00000008',50,950000,1)



SELECT * FROM CHUCVU
SELECT * FROM PHONGBAN
SELECT * FROM NHANVIEN
SELECT * FROM KHACHHANG
SELECT * FROM NHACUNGCAP
SELECT * FROM LOAISANPHAM
SELECT * FROM SANPHAM
SELECT * FROM BIENDONGGIA
SELECT * FROM CHITIET_DONHANG
SELECT * FROM DONHANG
SELECT * FROM PHIEUNHAPHANG
SELECT * FROM CHITIET_PHIEUNHAP
SELECT * FROM KICHCO
SELECT * FROM KICHCO_SANPHAM